Aggression Score,English,Non-English
0.0,68.65368555228342,73.59748921145547
-1.0,11.376203243813459,9.50780509572516
1.0,6.06303019647488,6.001544976198469
-2.0,5.068788185134719,4.268367488631752
-3.0,4.5694694738692805,4.135440217105556
2.0,2.767350885675355,1.8411640438471255
3.0,1.50147246274889,0.6481889670364633
